{
  "minecraft:entity": {
    "format_version": 0.1,

    "component_groups": {

      "minecraft:zombie_husk_adult": {

      }
    },

    "components": {
      "minecraft:identifier": {
        "id": "minecraft:husk"
      },
      "minecraft:breathable": {
        "totalSupply": 15,
        "suffocateTime": 0
      },
      "minecraft:movement": {
        "value": 0.35
      },
      "minecraft:collision_box": {
        "width": 0.6,
        "height": 1.8
      },
      "minecraft:nameable": {
      },
      
      
      "minecraft:type_family": {
        "family":["husk", "zombie", "undead", "monster"]          
      },
      "minecraft:loot": {
        "table": "loot_tables/entities/zombie.json"
      },

     "minecraft:rail_movement": { },

     "minecraft:rail_sensor": { 
        "eject_on_activate": true
},

        "minecraft:rideable": {
          "seat_count": 4,
          "family_types": [
            "player"
          ],
          "seats": [
          {
            "position": [ 0.0, 1.1, -1.8 ]
          },
          {
            "position": [ 0.0, 1.1, -4.0 ]
          },
          {
            "position": [ 0.0, 1.1, -5.0 ]
          },
          {
            "position": [ 0.0, 1.1, -6.0 ]
          }
         ]
        },

        "minecraft:boostable": {
          "speed_multiplier": 4.0,
          "duration": 20.0,
          "boost_items": [
            {
              "item": "iron_ingot",
              "item_damage": 1,
              "replaceItem": "iron_ingot"
            }
          ]
        },

        "minecraft:item_controllable": {
          "control_items": "iron_ingot"
        },
        "minecraft:behavior.controlled_by_player": {
          "priority": 0
        },
  
      "minecraft:health": {
        "value": 20,
        "max": 20
      },

      "minecraft:variant": {
        "value": 2
      },

      
      "minecraft:behavior.float": {
        "priority": 0
      }
    },

    "events": {
      "minecraft:entity_spawned": {
        "randomize": [
          {
            "weight": 9500,
            "remove": {
            },
            "add": {
              "component_groups": [
                "minecraft:zombie_husk_adult"
              ]
            }
          },
          {
            "weight": 425,
            "remove": {
            },
            "add": {
              "component_groups": [
                "minecraft:zombie_husk_baby"
              ]

            }
          },
          {
            "weight": 75,
            "remove": {
            },
            "add": {
              "component_groups": [
                "minecraft:zombie_husk_baby",
                "minecraft:zombie_husk_jockey"
              ]

              }
            }
          ]
        }
      }
    }
  }
}

