{

  "geometry.zombie.husk": { 
    "texturewidth": 500,
    "textureheight": 1500,
    "bones": [
      {
        "name": "body",
        "cubes": [
// 天井
          {
            "origin": [ -16.0, 48.0, 0.0 ],
            "size": [ 32, 2, 96 ],
            "uv": [ 0, 0 ]
          },

// 壁
  // 横の壁
    // 左
          {
            "origin": [ -16.0, 0.0, 48.0 ],
            "size": [ 1, 32, 48 ],
            "uv": [ 0, 1463 ]
          },
          {
            "origin": [ -16.0, 46, 48.0 ],
            "size": [ 1, 2, 48 ],
            "uv": [ 0, 0 ]
          },
          {
            "origin": [ -16.0, 32.0, 88.0 ],
            "size": [ 1, 14, 8 ],
            "uv": [ 0, 0 ]
          },
          {
            "origin": [ -16.0, 32.0, 49.0 ],
            "size": [ 1, 14, 8 ],
            "uv": [ 0, 0 ]
          },
    // 右
          {
            "mirror": true,
            "origin": [ 15.0, 0.0, 48.0 ],
            "size": [ 1, 32, 48 ],
            "uv": [ 0, 1463 ]
          },
          {
            "origin": [ 15.0, 46.0, 48.0 ],
            "size": [ 1, 2, 48 ],
            "uv": [ 0, 0 ]
          },
          {
            "origin": [ 15.0, 32.0, 88.0 ],
            "size": [ 1, 14, 8 ],
            "uv": [ 0, 0 ]
          },
          {
            "origin": [ 15.0, 32.0, 49.0 ],
            "size": [ 1, 14, 8 ],
            "uv": [ 0, 0 ]
          },

  // 運転席
          {
            "origin": [ -16.0, 0.0, 0.0 ],
            "size": [ 32, 32, 2 ],
            "uv": [ 0, 0 ]
          },
    // 運転席.上の壁
          {
            "origin": [ -16.0, 40.0, 0.0 ],
            "size": [ 32, 9, 2 ],
            "uv": [ 0, 0 ]
          },
    // 運転席.横の壁
      // 左
          {
            "origin": [ -16.0, 0.0, 0.0 ],
            "size": [ 1, 48, 48 ],
            "uv": [ 0, 0 ]
          },
      // 右
          {
            "origin": [ 15.0, 0.0, 0.0 ],
            "size": [ 1, 48, 48 ],
            "uv": [ 0, 0 ]
          },
// 区切り
          {
            "origin": [ -16.0, 8.0, 48.0 ],
            "size": [ 32, 40, 2 ],
            "uv": [ 0, 0 ]
          },
// 床
          {
            "origin": [ -16.0, 8.0, 24.0 ],
            "size": [ 32, 8, 72 ],
            "uv": [ 0, 0 ]
          },
// 椅子
          {
            "origin": [ -8.0, 16.0, 24.0 ],
            "size": [ 16, 8, 16 ],
            "uv": [ 0, 0 ]
          },
          {
            "origin": [ -8.0, 16.0, 40.0 ],
            "size": [ 16, 16, 2 ],
            "uv": [ 0, 0 ]
          },
// 乗客席
          {
            "origin": [ -16.0, 8.0, 48.0 ],
            "size": [ 12, 16, 48 ],
            "uv": [ 0, 0 ]
          }
        ]
      }
    ]
  }
}









































