{
	"en_US": {
		"item.BloodSword.name": "BloodSword",
		"item.IronSlasher.name": "IronSlasher",
		"item.Hrunting.name": "Hrunting",
		"item.Laevateinn.name": "Lævateinn",

		"item.Crasher.name": "Crasher",
		"item.Tomahawk.name": "Tomahawk"
	},
	
	"ja_JP": {
		"item.BloodSword.name": "ブラッドソード",
		"item.IronSlasher.name": "斬鉄剣",
		"item.Hrunting.name": "フルンチング",
		"item.Laevateinn.name": "レーヴァテイン",

		"item.Crasher.name": "クラッシャー",
		"item.Tomahawk.name": "トマホーク"
	}
}